stamp_sec,stamp_nanosec,x,y,z,qx,qy,qz,qw
0,0,-3.822142714415726,0.6490862333923547,-5.56598712574396,0.9794826356475661,-0.07929592820535408,0.16331546518110063,-0.08748703371145482
0,0,-4.440516446739728,0.9857814693198007,-5.697731669576127,0.9772050789117906,-0.10306839842611558,0.15589007687535952,-0.10072449020308279
0,0,-5.008049731576658,1.1718766368366351,-6.093135518562652,0.9747116265293371,-0.11205668409459299,0.15962077478080747,-0.10909515533071806
0,0,-5.3671544391109505,1.0086087432907145,-6.710370456736571,0.9687151176765849,-0.11424760899668364,0.19322883435112176,-0.10583535420022894
0,0,-5.8763999457516425,0.6628903831249937,-7.097807649776013,0.9646596592774792,-0.11564840069410239,0.2138212343661547,-0.10167432770216835
0,0,-6.01689471224861,0.6131191990775865,-7.8028859241250474,0.9622183944915436,-0.12660737244488268,0.22520786840578136,-0.08595202471636976
0,0,-6.296166801457963,0.41681472932445784,-8.435942078517808,0.9598035410699057,-0.12069778140729555,0.24154556130780885,-0.07658296106525263
0,0,-6.233545529517241,0.066078789526613,-9.058836267534948,0.9518701155497507,-0.11925826795854384,0.2767097098193665,-0.05614699581023511
0,0,-6.787527616195689,-0.14672295231056776,-9.472849540655565,0.9476718632009951,-0.11003885089341904,0.29541485950605995,-0.050393965652895556
0,0,-6.0927272632349805,-0.19704094300298047,-9.335567089600824,0.9514643986087761,-0.12948003540964118,0.2779944473392826,-0.025874811282112945
0,0,-5.7214941158501995,-0.6071629694225804,-9.789844856477938,0.9480602853337706,-0.13851803446501507,0.2858064960192921,-0.017581135741828763
0,0,-6.195178978399801,-0.8897156400045879,-10.25204179905971,0.9465124243643601,-0.13785504568933316,0.2915670904751436,-0.009942266027070606
0,0,-6.296551879083229,-1.3565898126540352,-10.797516747518033,0.9435709725131652,-0.1301647186688544,0.30447525184556085,-0.005078076210530909
0,0,-6.177448085471513,-1.8841792983492363,-11.260935821315716,0.9396296876012072,-0.13748996774225555,0.313238239765074,-0.00862346204079884
0,0,-6.747395623590108,-2.3267738732598606,-11.327843002827315,0.9373117355652181,-0.1326590366368643,0.32221001760646145,-0.0053846935234638125
0,0,-7.268444159465102,-2.8303826537118146,-11.356750384627318,0.9334244467225821,-0.1087859686981723,0.3413870671014677,-0.01841970930552591
0,0,-7.391169002716177,-3.559754968322698,-11.207766860472189,0.9233693179487911,-0.0540474659537444,0.3781914773232456,-0.03793653351090758
0,0,-6.731752500366441,-3.300032395027738,-11.36816557228906,0.9081058359784925,-0.05172612550485003,0.4153664182478217,-0.011787162255422154
0,0,-6.014106787109039,-3.2784340903665723,-11.27457691218325,0.9009871579237281,-0.0419339128728604,0.43174662326067564,0.007651242428428554
0,0,-5.328718786363822,-3.534701219779693,-11.232629626167999,0.8796639022842442,-0.011891646227496017,0.4731830868966292,0.046344083150201575
0,0,-4.9995988651883865,-4.006728383614857,-10.809532428449284,0.8775003477283121,0.007938231744956375,0.47769311113034163,0.041706303984769856
0,0,-4.589701477064654,-4.5056290511916,-10.442141308978815,0.8725887273206301,0.09771516233141993,0.4766871654557143,0.04254416873443
0,0,-4.609730615618612,-4.866920858024047,-11.073510996422222,0.8371466741239126,0.12507343690904096,0.5278739546150978,0.069936895999534
0,0,-4.325184996995223,-4.64367535469558,-10.432073550541391,0.8448299115095789,0.127378382562766,0.5140940835487351,0.07579209414310298
0,0,-4.197661078084534,-5.087103876679583,-11.002109729123239,0.823149806999138,0.12734524599158664,0.5457327093831066,0.0915608730299012
0,0,-3.5439698262992425,-4.887776533130336,-11.248904977167022,0.8074984490112594,0.09274596410053887,0.5699982202182791,0.12019346877208541
0,0,-3.252901589355022,-5.381281536132174,-10.777646656796408,0.8190846857822784,0.11733872513712723,0.5515029737928947,0.10571835695721722
0,0,-3.5960536999578987,-5.983134916420111,-10.577143323600183,0.8162082889924539,0.14863613951829996,0.5490708754459119,0.10115582408426771
0,0,-3.909066642313483,-6.563627104268579,-10.294405727032718,0.8134710288577163,0.15717212474703943,0.5517188665726099,0.09575019937057244
0,0,-3.5466521284813552,-7.064475964959117,-9.94188861343687,0.8124227516611383,0.1530188656973856,0.5527105207319589,0.10519305868847331
0,0,-2.984838942331835,-7.162507112338066,-9.494771145126156,0.8126051524398101,0.1295650307716224,0.556371134363472,0.11548562627671434
0,0,-2.6789398899098233,-6.543445783807624,-9.338358374019052,0.8131858137831622,0.12709603925846388,0.5565749711082622,0.1131358944034318
0,0,-2.6447082281495344,-6.206424936495518,-8.704940820704023,0.8128763468134107,0.13315368235040814,0.5549405448978161,0.11637496851267079
0,0,-2.406420458281863,-6.088153889985352,-8.02863491528996,0.8170353574453848,0.12702276205805063,0.5529519511283422,0.10277442457438295
0,0,-1.971768072836781,-6.107090660672246,-7.468953438794211,0.8131964403514775,0.1276521192630454,0.5574393340811059,0.10806421547650395
0,0,-1.875374852574543,-5.8507371877211085,-6.794954722358302,0.8080527088637225,0.12375475958413483,0.5644848802955111,0.11442202190153596
0,0,-1.712020662259626,-6.098751855134887,-7.4489875937832455,0.8042346231318569,0.1124829600793163,0.5731507788044813,0.1097836026170208
0,0,-2.0969905717406396,-5.6011607515178055,-7.778712895092407,0.8075139603394773,0.1024351165292123,0.5716846781866425,0.1029799955580446
0,0,-2.603896922606521,-5.520588265816855,-8.278610329026684,0.8122625049923229,0.10139588528759096,0.567476714503434,0.08898694245073585
0,0,-2.8955887368874693,-5.594455674657437,-8.929162139030154,0.8086802848321623,0.1022300018278257,0.5708486940464519,0.09857480487181297
0,0,-2.621287636615544,-6.10749613581442,-8.501287632473758,0.8109681496046447,0.11378610356426301,0.560768782992139,0.1221546355403542
0,0,-2.2121690324206433,-6.003852477698598,-7.928061416390479,0.8079935895492079,0.11329193825648647,0.5620369926808366,0.13574135269605891
0,0,-2.2981697313205545,-6.510979601620579,-7.40904092342021,0.7949696955264867,0.1287882845619869,0.5770267384699167,0.13592977615252805
0,0,-1.8699192298493539,-6.505345175235199,-6.840522666036332,0.7949540728923299,0.12828591827591934,0.5797104960291649,0.1246053207436175
0,0,-1.5706126917606362,-6.403805547679252,-6.198698481683638,0.8021044146854608,0.11590472812327977,0.5770275402234863,0.10116234360865564
0,0,-2.020018427896169,-6.092803562538803,-5.738521088175089,0.805316188908458,0.11783677537037907,0.5734239570302974,0.09362315822478487
0,0,-2.237462709927667,-5.765222210279349,-6.347659328303171,0.7992754986147974,0.11222408530225897,0.5843781894345965,0.08406285568121832
0,0,-2.460272995416779,-5.829073890700715,-7.025632545700403,0.7873961948261744,0.1201758855346713,0.5975814865572142,0.09198562840622808
0,0,-3.0358718260449438,-5.453663700764836,-6.832149477677291,0.7980749763601901,0.11648475169943241,0.5833046374176023,0.09624621912741825
0,0,-3.5748671279860207,-5.468564883028211,-7.299480926502819,0.8043026599656339,0.11182840667654312,0.5739012256366264,0.10596707906312153
0,0,-4.079656467008588,-5.828971256251128,-7.656847810401259,0.8098871594142214,0.11758172462726663,0.5647201944697077,0.10652900547614476
0,0,-4.591540160269245,-6.2757073477946985,-7.916679824649284,0.8187700732305871,0.12642174248305865,0.5495809888502131,0.1076747273223762
0,0,-5.045237406369523,-6.7308322562853355,-8.228331361473272,0.8201642047204798,0.13941604213496586,0.5479762965590399,0.08726868224101621
0,0,-5.690420657944535,-7.036087366595411,-8.18428703327055,0.8266412846860978,0.14589006933753826,0.5374273718879793,0.08094500643514708
0,0,-5.938364933405623,-6.442065067475154,-8.48168922420263,0.8281467174311821,0.1394058503811674,0.5371052721348297,0.07910088452370087
0,0,-6.497491979724079,-6.284137539208732,-8.896207255425407,0.8273083076797867,0.14046378893051167,0.5382819109802064,0.07799661758556628
0,0,-6.227560145442466,-6.060059773446194,-8.270517942857884,0.8400775216068432,0.13568273210070828,0.5167875021424164,0.09375836778652533
0,0,-6.651052885297622,-6.068579185336628,-8.854145839790979,0.8354349157540873,0.120829922531241,0.5288304785760061,0.0882437322937313
0,0,-6.566281607822435,-5.411885138400965,-8.554453295840656,0.8539248309834935,0.07472876834011724,0.5013625817654981,0.11774360202412457
0,0,-6.115436268738379,-5.805590717552212,-8.167598038873528,0.8566971534105856,0.0816631744344782,0.4968832543123343,0.11183981788016115
0,0,-6.63223743565683,-5.315816492486838,-8.217326007831437,0.8574979173224334,0.08859529551911546,0.49704271907221903,0.09897843612052537
0,0,-6.643058748351628,-4.657952796617293,-8.480793153124829,0.8575263289924604,0.09051344399173153,0.4973457066491958,0.09541047960828174
0,0,-6.82678267475503,-3.9762833022815007,-8.550462314474009,0.857364439469533,0.09174000387204413,0.4973313406273107,0.0957680909932572
0,0,-6.512630931527788,-4.187221293302749,-7.948448749766344,0.8584769926639548,0.09102747923375105,0.4958648581413307,0.09407068380467427
0,0,-5.993792561601434,-4.610180080240784,-7.7148538939101305,0.8587160356471502,0.09071074027365858,0.4952761442105089,0.09528836601295199
0,0,-6.495051921726059,-4.241948265958698,-8.070930423503318,0.8554975859558263,0.08459182633697251,0.5008383894285814,0.1006429879093126
0,0,-5.992134486058446,-4.68136306680014,-7.8251806941724,0.8564672161140342,0.08683207943566976,0.4987572004689488,0.10082337369444924
0,0,-6.473623104359805,-5.18772463788577,-8.036081975001744,0.8499865754499812,0.10572854812231698,0.5109338096397548,0.07273883305200231
0,0,-6.905447309447805,-5.192967129726201,-8.600139471115273,0.8479184476172862,0.10726536073260942,0.5135014133732264,0.07645094532374189
0,0,-6.4506136906541105,-5.056527771092239,-8.051291133525757,0.8524333911015345,0.11201521497780753,0.50480764800333,0.07732492396349189
0,0,-6.542946912871035,-4.3733338265096116,-8.220338586608335,0.8525616417816175,0.10848818896255524,0.5051925256933589,0.07841856796590116
0,0,-6.747573454623292,-5.0592850439058585,-8.31854019094177,0.8468206033891337,0.15527798899808315,0.506140245949402,0.051045697552815225
0,0,-6.4060670792203345,-4.66284100277806,-7.837749548352488,0.8484375880856204,0.1531794399951929,0.5040341162775968,0.0513743896749744
0,0,-6.6929561048572275,-4.483608057083762,-8.463817338957055,0.8474488312107828,0.14974521088216727,0.5063637835408142,0.05479570252825357
0,0,-6.324016209405168,-3.9249623333138812,-8.217511114138281,0.8498332060738379,0.14277191953002394,0.503475542458866,0.0625466145664556
0,0,-6.486070513650471,-3.494937449423586,-7.67497381216882,0.8504589072990203,0.1394847117111617,0.5032895416903176,0.06295474104275585
0,0,-6.757040035115561,-3.685535477334308,-8.302040330691312,0.8486877873982113,0.1401415001121006,0.5059298840741427,0.06422111699576122
0,0,-7.122030415459573,-3.9261150676686807,-8.890711313143663,0.8374566031706976,0.1411528586506565,0.5221789222779833,0.07791971142880716
0,0,-7.4529652270654765,-3.445491290935374,-8.487883547333979,0.838305692988412,0.13800792129229306,0.52110961922755,0.08149934669870929
0,0,-7.439463487377238,-3.194391250054257,-7.814111067924479,0.8538451078808119,0.12987378422016077,0.49898655932399616,0.0713704808330453
0,0,-7.822401410868189,-3.3460384744905927,-8.392783849991673,0.8531608479780965,0.1295978436004767,0.4999371749651098,0.07337429726618705
0,0,-7.229077350592567,-3.6623361833232977,-8.164829270336739,0.8534430495457848,0.13192090370066567,0.49913521619762097,0.07138537875605162
0,0,-7.115110326233838,-4.366742231719457,-8.173876746329253,0.8512933449417475,0.1322296165473488,0.5028256670109547,0.07057845252356276
0,0,-7.626000119949554,-4.74402387756081,-8.496420584047492,0.8495017961905097,0.13362488569575517,0.5061100523808638,0.06590677560716579
0,0,-7.1037869831286145,-4.391656593533068,-8.170475843634799,0.8498133275200512,0.13169406041113177,0.5059591776509246,0.06692752328099187
0,0,-7.3238519846317205,-4.853507295868002,-7.66856378200131,0.8587481342555102,0.16442933897204653,0.48283385420710373,0.04884775971740518
0,0,-7.851989854992709,-5.216174963015975,-7.972739926670094,0.8581582003077904,0.1656611341028937,0.48341539366774605,0.04929958475783913
0,0,-7.767976327773242,-5.742414607499345,-7.502449866247688,0.8601527402826407,0.1764306262496448,0.4770384871849651,0.03799709527979951
0,0,-7.992378343170197,-5.072940048135726,-7.5813425899313565,0.8590881247773785,0.17697467045827422,0.4787681837797739,0.0377966411588275
0,0,-7.971311427308882,-4.390134969999064,-7.803385415341142,0.8602698741075885,0.18400534844914118,0.4753068654111901,0.012694846907815097
0,0,-8.196492641984161,-4.713877851807698,-8.401008661164697,0.8609460990758319,0.1872243742162036,0.4729873703925863,0.0013400128973192122
0,0,-8.77821856563567,-4.955111050170674,-8.73239542646286,0.8653687365101165,0.18539440436494206,0.46550421552902027,-0.008466996265773814
0,0,-9.312950992321234,-5.307493422290453,-9.03501715476058,0.8672227875976745,0.18741677992057257,0.4611082660071052,-0.013369902596627995
0,0,-9.659647033787838,-5.588973177114696,-9.59331492004425,0.868508787531698,0.19024487088108233,0.45765295570965464,-0.007290213568698236
0,0,-9.518062673180966,-6.097665640127397,-10.075235337391495,0.8713856396944737,0.19352537396093347,0.4506954595303994,-0.010421100048271641
0,0,-10.190358054059379,-6.2599762792531415,-10.286619988555742,0.8798622537345806,0.18579404938439545,0.4373658328631218,-0.0058407114636108955
0,0,-10.583049386949682,-6.4885633008862325,-10.834087525848393,0.8824031649194467,0.18286226074034045,0.43345510720240954,-0.006535914413691409
0,0,-10.857715103960478,-6.938933034946632,-11.330695589215667,0.8771484829432105,0.18054911710112062,0.44463164422257695,-0.017755453820107132
0,0,-11.318388457020324,-7.313622022702701,-11.730582549075283,0.8795163902794148,0.17922188855486798,0.440559664774293,-0.015414787272529021
0,0,-11.374572149084079,-7.703462136673085,-12.320806895474295,0.8775733188916176,0.18175039478029903,0.4432202144108199,-0.019690238809717132
0,0,-11.618464781432312,-7.943918591591329,-12.942619734001193,0.8806686062597641,0.17866987391126113,0.43819243767354993,-0.022074185618738588
0,0,-12.032984145447099,-8.148785516848477,-13.503189070488343,0.8748910935117727,0.172380561743877,0.45093811918912247,-0.038798570705848176
0,0,-12.482870872251091,-8.27720074359455,-14.041404106694934,0.8768469165935318,0.16730698396223823,0.44872777970864536,-0.04232301614517586
0,0,-12.510871754147495,-8.449049812744754,-14.731498261803237,0.876113947692698,0.16367642092940846,0.451664925892576,-0.04041255508513864
0,0,-12.812598960432227,-8.701461887128305,-15.333792080304304,0.8805674454432206,0.16207384396901664,0.4427852797224967,-0.04768898392478034
0,0,-13.493131741932904,-8.546865429400542,-15.503337639341305,0.8866530687756201,0.15724612283476377,0.43246031400602714,-0.04580468637615904
0,0,-13.707914021220606,-8.739419697249273,-16.162755335538016,0.8859313740819342,0.14958382807937518,0.4372701558305536,-0.03930762794088691
0,0,-14.018131771624667,-9.031880759890516,-16.752759590255653,0.8757970921527038,0.16193052363491597,0.45332472997599615,-0.03542101190508942
0,0,-14.622867856719276,-9.0700910614657,-17.144750969086825,0.8796944354090331,0.15655895939650158,0.4480375962025786,-0.029821216140226446
0,0,-15.293939733417417,-8.827847876777133,-17.129117295256947,0.8862199683722409,0.1501996618433338,0.4372048804769677,-0.030101855882534168
0,0,-15.850955719938677,-9.083598308529812,-17.52754200326133,0.887571825370305,0.15209528918677456,0.43398420485257955,-0.02722109025168676
0,0,-16.27657781473435,-9.300792893305664,-18.059589035588328,0.8892636727597902,0.14657287059175791,0.4323967306201351,-0.027560501905420833
0,0,-16.617172284596357,-9.266853776262819,-18.682634770406146,0.8891210812553721,0.14396236217763525,0.4336862131781699,-0.02558924857615312
0,0,-16.81632417747382,-9.402672968164174,-19.357386377105225,0.8927033500334108,0.14494333844193769,0.4257387323623351,-0.028612746232118028
0,0,-17.334088245515286,-9.550343081973729,-19.82882439613352,0.8945732808448429,0.14031535275619814,0.4230875645048001,-0.03235984766333578
0,0,-17.298535247762207,-9.804476919514396,-20.498410295075455,0.9022340690140372,0.1362420472325365,0.40791814307716945,-0.03185243828554661
0,0,-17.730863515912368,-10.160092708051065,-20.94275513842097,0.9073827049107634,0.13078599085432227,0.397949037043211,-0.03447049958240772
0,0,-17.64213524940314,-10.52737223810839,-21.554539389769353,0.9112724212144474,0.12954164912936716,0.3890997205254764,-0.03745588020323046
0,0,-17.716149181083882,-10.847402427967852,-22.183462118559437,0.9149332902625136,0.13281915042332262,0.37919097522023343,-0.03834516868871582
0,0,-18.387372593257712,-10.844123954477736,-22.4517900668028,0.9236433938458494,0.12396675006532333,0.36124196200553804,-0.03192758634084953
0,0,-18.417778586562694,-11.243558157542024,-23.043886840233323,0.9281097571547458,0.1203166003428834,0.35036207589523377,-0.037183465821142
0,0,-18.788536886611407,-11.739642744424897,-23.398358182288508,0.9309720090585295,0.12019869967891109,0.3411271707213599,-0.04975584730124186
0,0,-18.979725188409535,-12.088823639860456,-23.994879444346083,0.9336711725513541,0.12095624467154695,0.33263186177294723,-0.05462392291843585
0,0,-19.409584365153115,-12.105704561462789,-24.55939165849447,0.9396990915122558,0.11203673911267051,0.3184372633986903,-0.05487345240818652
0,0,-19.57130664625552,-12.238995984576496,-25.24143541544501,0.941954244794111,0.10967568450751237,0.3128061759853638,-0.05334548910243802
0,0,-19.73604171937272,-12.556180975276455,-25.85940288270156,0.947693512699376,0.1051096418129201,0.2959566119284366,-0.056909164827101184
0,0,-20.4073950317275,-12.58033155066132,-26.10366288890265,0.9484290722915933,0.10210029198264049,0.29408790319189543,-0.05975056824300101
0,0,-20.965234654873445,-12.668902362375661,-26.53702419736455,0.9514744194746733,0.09667947482383003,0.2862782667056884,-0.05826029733110467
0,0,-21.663954300535146,-12.807880671699547,-26.568533794706596,0.9541283829741504,0.0942900709636995,0.27835390262340265,-0.05716219218255134
0,0,-21.99574477955839,-13.100966194393669,-27.133012506027423,0.9558470451729181,0.092706695026683,0.2713310475280915,-0.06435338047639654
0,0,-22.697324903284095,-13.155719830135453,-27.253458905711128,0.9577843818521747,0.08972725464575844,0.2650247995328853,-0.06602994234691337
0,0,-23.39825595455132,-13.121854091785941,-27.069576355604994,0.9641630414108378,0.08726220578508505,0.24270722324304891,-0.06219437920402035
0,0,-24.048152227630936,-13.131900821705097,-27.365549240744812,0.9665860378410935,0.08174777688399754,0.23544079892771727,-0.05996968088508253
0,0,-24.69243896734183,-12.862194742194086,-27.20736503788248,0.9691566661773178,0.07881762729440261,0.2261600002238999,-0.058092962830907785
0,0,-25.039177749302223,-12.236251453372631,-27.19173083577888,0.9711620885015755,0.07885232414733666,0.21902349931374324,-0.051528784016161885
0,0,-25.616141304973848,-12.391557089904728,-27.575836107312252,0.9722889882643818,0.07672997165162283,0.21433606253334048,-0.05316659710635896
0,0,-26.19207538757977,-12.555708797688732,-27.9615883021659,0.9747194233520758,0.07087323626185382,0.20512472637933465,-0.05313075145121946
0,0,-26.826372561115534,-12.62248510257809,-28.270724306833014,0.9753148257307722,0.06947324595420575,0.2030653327911513,-0.05195122159063008
0,0,-27.49504782705732,-12.379141320320583,-28.133816431944382,0.9794480900567555,0.064251826240012,0.1856476512157693,-0.04569563772468075
0,0,-28.132168942460563,-12.113596313807411,-27.906636198110473,0.9832153961306982,0.05927834075084423,0.16817118584848031,-0.03862661491377197
0,0,-28.8409513614326,-12.033747276740936,-27.89929056198413,0.9837794420472488,0.057915997154277914,0.16574255167003601,-0.03678523133997374
0,0,-29.457480255000547,-12.307401798061038,-27.66856763312084,0.9851516008913351,0.057129029020110314,0.1577427139665969,-0.03646688216603644
0,0,-30.16006401617775,-12.332384816808455,-27.81159637427716,0.9874021442427315,0.056690203580886715,0.14465390059418562,-0.02997457932483735
0,0,-30.825959634662727,-12.424312113693734,-28.038465188569067,0.987984128398941,0.054823358537902704,0.14145133979841337,-0.029551308932823758
0,0,-31.440281434598205,-12.567996736804265,-28.370132010126223,0.9891885462956892,0.05173253771600897,0.1334035049567016,-0.03214450628257197
0,0,-32.01428659233186,-12.726943071804575,-28.755674556282486,0.9904838955473446,0.04743847753563384,0.12435021719697349,-0.03504664026013872
0,0,-32.45334580516544,-12.61630932729729,-29.311484486914743,0.9926671097170359,0.049262686821777014,0.10770989381052246,-0.024161451704146266
0,0,-32.955208031241746,-13.113623176980047,-29.407158954985558,0.9932256328231005,0.049253320243887275,0.10142122625175158,-0.02811916808327654
0,0,-33.62787945369917,-12.939064882301672,-29.21892627659154,0.9954077447752918,0.03757129747153595,0.08479285393979463,-0.023706352912613304
0,0,-34.23764849613325,-13.101601902845115,-29.542740014763538,0.9958786731562224,0.03420741870376197,0.08034978245012592,-0.024483327356488838
0,0,-34.91097217573827,-13.018299259503264,-29.320138404046997,0.996483724964338,0.03468347169107363,0.07339169695257126,-0.020758166852445505
0,0,-35.62477948026535,-13.035483027740039,-29.2518788187239,0.9968284151483394,0.034298942305370936,0.0694184483112302,-0.018378583831287834
0,0,-36.16738274091345,-13.088961192951182,-29.703314481325254,0.9970703581128624,0.03435878980880279,0.06612582924268504,-0.01724961572123351
0,0,-36.77852858873653,-12.977270983813659,-29.323477783123362,0.9991290914744653,0.02174894113039767,0.032994084366515145,-0.013395242660411439
0,0,-37.40164514232613,-12.69503572284634,-29.116227117901154,0.999551825977802,0.01468055019186613,0.02418359728415717,-0.00978684080301757
0,0,-37.90188742538934,-13.073069446572488,-28.770577694650598,0.9997060465935562,0.006968027444557249,0.0012827601286646963,-0.023186666950354838
0,0,-38.599319188505326,-12.945911839060036,-28.676938169248096,0.9997536689566545,0.000758960905233777,-0.0015970936763724268,-0.022124074621130814
0,0,-39.1783185871256,-12.65455709221534,-28.353234716312727,0.9996120253962703,-0.0069233927710908244,-0.022476235600136778,-0.014922605300375202
0,0,-39.87230989542086,-12.6295485796809,-28.198690564022545,0.9993742993350828,-0.010796215262158971,-0.030822805935273572,-0.01357962439840302
0,0,-40.496201496022614,-12.676989200482947,-27.841756223371352,0.998695468940128,-0.01743752542836363,-0.046451408558603,-0.012064811159529936
0,0,-41.109134962851485,-12.907739292153645,-28.123722310281824,0.9991672984919804,-0.01213445281380154,-0.033751747016611794,-0.019449530906267
0,0,-41.60298227631327,-12.524106825345335,-27.77029817046747,0.9981786655606516,-0.021174075491492625,-0.053623630215688826,-0.017762782133672172
0,0,-42.30462105244119,-12.587913435915219,-27.873021422059274,0.9978463987618427,-0.022704070339389492,-0.058597652347339525,-0.018799064003989722
0,0,-42.95719224364245,-12.515097758894811,-27.580668949836415,0.9967291364203926,-0.028588762682191588,-0.07379168525581416,-0.0163859221915213
0,0,-43.51104858006788,-12.338846042132731,-27.164147620871415,0.9958864028793017,-0.03189646878055491,-0.08374529879154215,-0.013401968876679682
0,0,-44.17435251222725,-12.193550857749004,-26.917890297743426,0.9939208567883818,-0.04400967338481336,-0.09878321521042392,-0.020648377231690256
0,0,-44.86528249776426,-12.258451463623114,-27.08260728752097,0.9916349234335208,-0.05353743636914529,-0.11508702819975386,-0.02342856107754295
0,0,-45.48466527673692,-11.946087868768883,-27.26998656593675,0.9932259803875078,-0.050914299194920375,-0.10440890740572929,-0.0029438198154783267
0,0,-46.12057199944946,-11.675678453789141,-27.063354907893054,0.9912977244006739,-0.055494766663285046,-0.11911886168120435,0.007736230529628923
0,0,-46.78883190983312,-11.520660957213133,-26.859774036022973,0.9902974304351939,-0.05897314857004059,-0.12550200991227417,0.00907813467446002
0,0,-47.502353345887286,-11.488505921353267,-26.8389126800792,0.9876828375981559,-0.06863833963071911,-0.14029512759645907,0.00941635914173245
0,0,-48.22714817977551,-11.558662424327247,-26.88478122657164,0.9895978574687052,-0.061660671189512885,-0.12995011226501554,0.0026477243279401843
0,0,-48.37698225289722,-12.191270128803716,-27.16812293695113,0.988206098477488,-0.06404715269374944,-0.13877921021520007,0.009327377754243717
0,0,-48.52686703801576,-12.661733641693607,-27.691231932135764,0.9876184930509596,-0.04849634051560677,-0.14497721835830485,0.03520544414482375
0,0,-48.733197117601065,-13.3390622828097,-27.67881685024819,0.989640625455488,-0.023069102579668255,-0.13949446593724338,0.024910699049251226
0,0,-49.32981912120229,-13.741794648083765,-27.60292748593255,0.9911975646179811,-0.008605993752894723,-0.12598108419975887,0.039775509937163826
0,0,-49.31171841081492,-13.035810740797109,-27.690387993594733,0.9895887191220681,-0.004754838245153366,-0.12874682827222664,0.06415460006459857
0,0,-49.408027602460564,-12.546771035342001,-28.209328184552216,0.9884547733889338,-0.008848712491784688,-0.13500301328363035,0.06821325132413071
0,0,-49.88485290869489,-12.181209036305306,-27.822144404355992,0.9874438773401192,-0.01752300891212204,-0.14013616502315054,0.07077703380886821
0,0,-50.22728519679081,-12.293936053366194,-27.207723875857894,0.9862240864082416,-0.018412237095365137,-0.14824298946949876,0.07104264202941372
0,0,-50.92167019846683,-12.204208672689113,-27.067979968854225,0.9839336752082242,-0.029548440522968292,-0.15274173902391833,0.08758637801534344
0,0,-51.07054323676518,-12.357047710104153,-26.38060949732409,0.982259888540753,-0.03604001994713178,-0.16681892324336436,0.07770505243574811
0,0,-51.50495885302264,-11.991552397933727,-25.936930039960803,0.9795083038662746,-0.0378239451766256,-0.1780950078832305,0.08611039423531676
0,0,-51.81665638668274,-11.71436822145723,-25.33448814775251,0.9717549442618922,-0.042505336532273674,-0.21416440935653278,0.0895501559675481
0,0,-51.84804038353027,-11.29791035507658,-24.749357949918167,0.9636834076682038,-0.053152284224362446,-0.24491684649165568,0.09222181288238612
0,0,-52.34377781517096,-10.999713036694455,-24.31754709769624,0.9609252137030841,-0.05562986475344212,-0.25353853659693926,0.09615748685088643
0,0,-52.382816325941334,-10.605514952015866,-23.708911588638763,0.9518839378650064,-0.0665412290971329,-0.28509150823613144,0.0906204480042956
0,0,-52.484096018687154,-10.189181418809643,-23.127761949435502,0.9450596423854432,-0.07098919521958173,-0.30613086114489435,0.09003722758426028
0,0,-52.00306960519616,-10.016550338563135,-22.6087710245107,0.9260457276196831,-0.0775498587234049,-0.3664248413227517,0.04645605914095633
0,0,-52.38712565216111,-9.412502600773893,-22.576075851184235,0.9280557588261324,-0.08139070764308871,-0.3607807941732575,0.04387801014998528
0,0,-52.20222466713268,-8.783612224309827,-22.285298924756294,0.9296761056253571,-0.08875890657177908,-0.3562148477919338,0.030580669482887828
0,0,-52.18770950298437,-8.12375222405676,-22.566714525134245,0.9284500098595495,-0.09775389133760035,-0.35759489413841933,0.02346588174972011
0,0,-52.14491679157036,-8.680277596860067,-22.143932441211035,0.9285209534857469,-0.12933958749337426,-0.34744642424873007,-0.02002728942554405
0,0,-51.50472247267368,-8.880624475624284,-22.41481137978152,0.9222260181041118,-0.14010228417491366,-0.35934867172765544,-0.027185540796097876
0,0,-51.4549484600125,-8.27058327089876,-22.77671161630947,0.9191203932739651,-0.14373603587484557,-0.3663082299906352,-0.019389051034665965
0,0,-51.250130291710285,-7.713042123626257,-23.186895037749526,0.9157227120259339,-0.1492652370130577,-0.3728420770922567,0.012672381340376517
0,0,-51.21762208503489,-7.207445949939032,-22.687117408910392,0.9137222686232072,-0.15422634016094292,-0.3758399434066805,0.008377873398670889
0,0,-51.065561709122846,-6.70018124374622,-22.208704175365114,0.906588998637432,-0.16031695913419644,-0.3902354120496421,0.010544351378291418
0,0,-51.7470965644006,-6.544738773937795,-22.094008353201314,0.9042125781609236,-0.1613600806291025,-0.39523517298970745,0.012316489221408154
0,0,-51.95303760354989,-7.0169531533298555,-21.601205195779485,0.9006552596443675,-0.1665371982973555,-0.4013213770424962,0.005159184714542628
0,0,-51.58271313266515,-6.700729964890518,-21.06829979589529,0.8881745925667078,-0.17543877441981606,-0.4246872426017574,0.0028063357517339282
0,0,-51.0841489048993,-7.198018496950608,-21.260377109582524,0.8775671275961925,-0.1687909843867038,-0.4485978976894021,-0.012060942790032633
0,0,-51.30922557095797,-7.772897494579309,-21.613649724432186,0.8784541400732911,-0.1610489841689763,-0.4494562851967169,-0.01925087487369818
0,0,-51.335474332533984,-8.214172147122847,-22.171723854767468,0.8763172676186674,-0.16147653715705834,-0.4533298537720854,-0.022032205974391157
0,0,-51.81089253048648,-8.46899716041706,-22.634008494853727,0.8799571778309173,-0.1571807168897563,-0.44781743275921077,-0.020715557893027196
0,0,-51.71360713097636,-8.46796537875566,-23.34198470055471,0.8664262045226935,-0.17742867609331806,-0.46660128902524806,-0.010389133561043042
0,0,-52.249551818929696,-8.774366178405135,-22.985759836152805,0.8606921195000659,-0.18573781272330533,-0.473893448010291,-0.011642177123051425
0,0,-51.947434230683406,-8.536057298702884,-22.380620074902666,0.8467740509971989,-0.19755742507035834,-0.49384891558366456,-0.007617016095661247
0,0,-52.44497483989842,-8.40611865952646,-21.88803416554578,0.8436084766277011,-0.2003299227601415,-0.4981690389332153,-0.0045020947526402426
0,0,-52.73796946841887,-7.98324431605317,-21.388446886425484,0.8469572843790144,-0.18622938870112718,-0.4979762157059598,0.001289113067681968
0,0,-52.88038890195018,-8.383995946283433,-21.95416759990152,0.8470551875938486,-0.1824672920956372,-0.49920191280199283,0.0008042017576632966
0,0,-53.54777043730648,-8.411832873340408,-21.70772824623154,0.845455842325992,-0.18881292528128993,-0.4995456951943728,0.002862924438427152
0,0,-53.16456171035547,-7.998133768799483,-21.270660345447695,0.8393226156257433,-0.19151112601027517,-0.5087557587265027,0.005349156574428463
0,0,-53.62755438902685,-7.550296075766783,-20.907541630107094,0.8503006954736307,-0.153463355751382,-0.5004521628216272,0.05463843377825088
0,0,-54.220728273182964,-7.56173370279359,-20.50880006944129,0.859433887225607,-0.14548653290312222,-0.4872756060890196,0.05262647568182892
0,0,-54.45751644689545,-7.935845648906519,-21.064725382888373,0.8591275822456262,-0.14008045866989743,-0.48930520211810996,0.05345728859352449
0,0,-55.12967213960149,-8.148929466503168,-20.93172285978984,0.8563615012721364,-0.14899425140297368,-0.49064088049271765,0.06096899685193362
0,0,-55.05260631051369,-7.714763671776539,-20.376071270367763,0.8520265962540942,-0.15644561552155287,-0.49567030308607585,0.0623409921183724
0,0,-55.501565676071266,-7.8982612899497875,-19.844156148641822,0.8492439435704326,-0.16854015540117376,-0.49821928030655294,0.04643801306159285
0,0,-55.48727203412454,-8.575228365752551,-20.061123728390044,0.8437207558847175,-0.1711224024736426,-0.5075834781885148,0.03480548995516705
0,0,-56.14074058669284,-8.70359885111624,-20.310287890599433,0.8503642454909466,-0.15966778933265685,-0.49972942346928756,0.040710568152371784
0,0,-55.684175159289445,-9.07678775702487,-20.704655267295138,0.8389146447057317,-0.17822577739485823,-0.5130234369456795,0.035563243871965224
0,0,-56.04740813745168,-9.396942289571115,-21.22550569485492,0.8422836374789416,-0.17782088711914087,-0.5075421854489032,0.03659147618169783
0,0,-55.81807827271239,-9.834704090945442,-21.738846912263806,0.8408091213898774,-0.1812262716276338,-0.5090112639512321,0.03323541831087019
0,0,-56.245671724679774,-9.653923355885624,-21.178179592184446,0.8478563198653053,-0.18321725453478171,-0.49588624496673533,0.040840305557002146
0,0,-56.13931403681466,-10.071920634550498,-21.74405741065337,0.8458628074478202,-0.18610682075191515,-0.4981734288897356,0.041274653170559256
0,0,-56.326183404405924,-10.438256922461392,-22.322471489292145,0.8467579935189725,-0.18536408201288657,-0.4969877621566456,0.04054900464589643
0,0,-56.39391532221771,-10.754918853922264,-22.95444370547499,0.8436858724336768,-0.18848541204359684,-0.5008755154166,0.04232158029583237
0,0,-56.81057415043954,-10.977009103862624,-22.4097673922737,0.8417524619601824,-0.19268690561513155,-0.5034923915096629,0.02863495905912055
0,0,-56.8519707907517,-10.610102998111644,-21.79535135897141,0.8322589901955881,-0.20003077182540385,-0.5160134293256424,0.032600679703702236
0,0,-56.90680976624373,-10.226488704296663,-21.192396971919013,0.8262420028270911,-0.19951519283845293,-0.525423645485442,0.03805040546039978
0,0,-56.58765457145471,-9.842032185575308,-20.67951722623055,0.8194756490677623,-0.20138682002156502,-0.5351168455725485,0.03940775166203693
0,0,-56.52739332356972,-9.406080181155081,-20.11234174586726,0.8128743757457327,-0.20222554793802427,-0.5444760864754886,0.04342658487018812
0,0,-56.30149422250298,-9.010848300608181,-19.561512244821543,0.8067124891120834,-0.20423442107004028,-0.552680567198742,0.045248776797268346
0,0,-56.15829638789657,-9.519553974761571,-20.056986268307828,0.7957321009944618,-0.20629286876191066,-0.568304370895682,0.03583040281358521
0,0,-56.64070852069513,-9.289024104849172,-19.571405564073753,0.8084550498097864,-0.1877129906954299,-0.5566313644071742,0.03641139546132336
0,0,-56.29869622147015,-9.907717735415119,-19.65124074999183,0.8044625297427553,-0.19270671103931425,-0.5613862573516589,0.02344422779691655
0,0,-56.28685389481201,-10.111107843736058,-20.337805704419726,0.7934917897109286,-0.1927613636676331,-0.5763473767899077,0.03221083056572806
0,0,-55.71875933004588,-9.98448455394813,-20.772482398608798,0.7730593534968269,-0.2138130740003334,-0.594963374808407,0.05178598260327898
0,0,-55.493200389527495,-9.661551765165909,-20.171542926442402,0.7698168314347615,-0.22345766587172644,-0.5953159704136504,0.055205189732102415
0,0,-54.9517587987232,-9.727510908865037,-20.648523737990995,0.7510653431228297,-0.2396541359502553,-0.6110053071719217,0.07168863291672145
0,0,-55.00099571697612,-9.261730952364042,-20.11278906134174,0.7341428334222582,-0.23922430542278605,-0.6305815541225693,0.07856803058553266
0,0,-54.90824240457468,-9.806634005204987,-20.569967458260074,0.7182002223785363,-0.25316382504311846,-0.644288841700132,0.07062865371547554
0,0,-54.35587747145859,-9.394632308304356,-20.35177724775776,0.6988656420405618,-0.2591065986568372,-0.662638130371271,0.07322085144127
0,0,-54.41881152350678,-8.926270699677628,-19.817662691054874,0.6974706233046712,-0.2539507994128506,-0.6655974031724512,0.07761325914208952
0,0,-53.98694213207276,-8.584696292879633,-19.359840280163787,0.6817057754560366,-0.2611805068243195,-0.6785780313510602,0.0812024256570889
0,0,-53.284130433644336,-8.479518934659147,-19.306009121876563,-0.6692233745854281,0.2637999159344769,0.6900362589936929,-0.07999775331497631
0,0,-52.98443486648276,-8.165490861056677,-18.737698211368354,-0.6566074706535108,0.2678460916223953,0.7001866519585186,-0.08284777066238302
0,0,-52.305536564891305,-8.011888906380005,-18.581927862878995,-0.6448042003515321,0.270570126636701,0.7099556929604678,-0.08355994144231384
0,0,-52.127134701317786,-8.115974718266713,-17.891358415876507,-0.6408253483274997,0.29505947313748715,0.705694601340838,-0.0654057328615988
0,0,-51.47338663260387,-7.86132388216933,-17.753014011111983,-0.6301848748303397,0.297404220930731,0.7143174988809862,-0.06456209181916713
0,0,-50.857381444805824,-7.591734070882116,-17.5137009726848,-0.6123189596601636,0.3037798896208895,0.7272816101977287,-0.0620058849692034
0,0,-50.43297458172669,-7.35637063430288,-16.998317740643337,-0.5986390144834299,0.3131349129207175,0.7349360704380915,-0.058709701221000415
0,0,-50.523884271136524,-7.083561878845324,-16.34731590572726,-0.6004437384900102,0.3126396356952574,0.733675312462177,-0.05868825252130081
0,0,-49.874034570592144,-6.8312804243876855,-16.55126118242154,-0.570272140377331,0.3223540769294645,0.7534946681045508,-0.05588667224324206
0,0,-49.40084310054509,-6.919607145330043,-17.078959749646202,-0.5530234841921529,0.3297252263085519,0.7628150241675733,-0.05966188039251135
0,0,-48.7369925399839,-6.6719507654620545,-16.95532257060668,-0.5340933516975038,0.330065031486174,0.7759794691635317,-0.06047503699247563
0,0,-48.064319762732225,-6.461406000954746,-17.10024738584249,-0.5093243818895525,0.3381279993243768,0.7890161357270087,-0.06092345728976765
0,0,-47.956828749673626,-6.186676871817737,-16.444802215034265,-0.5074909946162629,0.3447991649443798,0.787839321785862,-0.05362489426607323
0,0,-47.75727170761996,-5.848016682764275,-15.849706943661307,-0.49641722960790563,0.350123042460219,0.7925676225661212,-0.0531069952708475
0,0,-47.11650770589018,-5.527467917388198,-15.882041642433151,-0.4876219856915755,0.3464582359650177,0.7996013052826082,-0.05319062316388502
0,0,-46.63968723050722,-5.178827372272787,-15.47473488276288,-0.49078287185498987,0.34613228147516417,0.7980299085846442,-0.04972807475612699
0,0,-46.075577134651226,-4.804167966254133,-15.202799455053022,-0.47637187702235767,0.3504227873878753,0.8047517080867875,-0.051462541648324304
0,0,-45.39289159518152,-4.620448551550053,-15.09289460616982,-0.4679750257201012,0.350103182849027,0.8098254434956479,-0.051087060282706036
0,0,-44.75537255937034,-4.437481163342424,-14.822125800967271,-0.4547539797629165,0.3497398354248002,0.8173712882010901,-0.05277350311769214
0,0,-44.24222869050957,-4.185416221744201,-14.389860227378882,-0.4464519900670505,0.3483039320030303,0.8222873314102902,-0.05664394158727192
0,0,-44.4204188315832,-3.4945930670049563,-14.403465740293933,-0.44554395009320463,0.33035914694492835,0.8274875145281261,-0.08728021462638305
0,0,-43.76489451105942,-3.329530247431517,-14.106861864438066,-0.45678288351793794,0.3511602228388064,0.8125802485411656,-0.08802973873422221
0,0,-43.108837322044586,-3.149209441474159,-13.886378842142904,-0.4532287302862088,0.3565908119140835,0.8123824235632823,-0.08638002539391537
0,0,-42.763543531527475,-2.9575428435303937,-13.284796932114835,-0.45163807408989154,0.37174920630403846,0.8070424906227899,-0.0806721511678931
0,0,-42.08677462264493,-2.763311127713334,-13.425604289148895,-0.4284481290224886,0.37691673257210717,0.8167822520113371,-0.085045459864616
0,0,-41.51215683474891,-2.4206922634900967,-13.105178786315452,-0.43806547767640497,0.39195591027578186,0.8047703825855486,-0.08254594466802205
0,0,-40.81074849383396,-2.3148151274900757,-13.195494873397704,-0.4176461116082198,0.3989938160285659,0.8121699389660467,-0.08219276409383809
0,0,-40.1489924188459,-2.451845793379697,-12.976053996449824,-0.40923171592108876,0.40203720108537333,0.8157080637312736,-0.07426874437808285
0,0,-39.451592521816785,-2.330084827102045,-13.096810478369681,-0.398682960752801,0.40114498724071673,0.8214041981433876,-0.07368676468297417
0,0,-38.81552561480269,-2.2773239699077314,-13.463748698894516,-0.3575146802309558,0.4066903910434366,0.8379842680952491,-0.06759101772546303
0,0,-38.159804495430464,-1.996534431836336,-13.43938168516356,-0.35318180616485045,0.4044405798679093,0.8408844480674076,-0.06785111751927629
0,0,-37.682140226811036,-1.4869054670185795,-13.296133248709051,-0.3479797406792198,0.38843068942515613,0.8504668991945634,-0.06883133707770918
0,0,-37.46364656198869,-0.8156222668892567,-13.339840744632767,-0.3471114795518363,0.36366581024102845,0.8606881750471406,-0.08047772709945236
0,0,-36.78258350077112,-0.6917972889087116,-13.518510418256048,-0.33737147605914203,0.3647806192756816,0.8642214996071085,-0.07897332815176694
0,0,-36.525396470244544,-0.3520424366331189,-12.930992106799346,-0.3312154371703741,0.3704645992330259,0.8645498654787254,-0.07487219107164747
0,0,-35.84241485702588,-0.32176862132444134,-13.163607041689225,-0.307517509651758,0.37177432831148177,0.8728193200393006,-0.07350690193621724
0,0,-35.1891185427787,-0.11154458317436661,-12.96043407979049,-0.3029013276878534,0.3793049404740729,0.8710844331565515,-0.07476936624865284
0,0,-34.60196044825122,0.14339485503384636,-12.64023342324268,-0.29924121917607005,0.374152617000249,0.8743165811849815,-0.07768544138311759
0,0,-33.93626757818834,0.38732169901188707,-12.560461055184794,-0.2940710012539157,0.37254603197521213,0.8767403726396261,-0.07783327864591996
0,0,-33.31522055782481,0.6779927166793601,-12.289689155303241,-0.2926374683170846,0.3538430485682735,0.8844778794122359,-0.08280875525759357
0,0,-32.69884272941242,0.8875144907003762,-11.995454057430303,-0.2845303063953158,0.3529632005848265,0.887195970240472,-0.08569010540646249
0,0,-32.045263756746486,1.1788908068464314,-12.048847178315754,-0.27269522946722397,0.3548729016068848,0.8900504580960845,-0.0866759342255893
0,0,-31.844736253664763,1.0218681315476998,-11.373336225194366,-0.2713278347454473,0.3620562095045607,0.8889472536797871,-0.07119892855023262
0,0,-32.34595756768231,0.8427475610329414,-11.86553568681445,-0.23532537401398765,0.37529086069651674,0.8941704317315967,-0.06509974838487784
0,0,-31.830539483452263,1.2069627066457973,-11.518796382235161,-0.22762795719941734,0.37702387506633084,0.8957809673877755,-0.06012461390320294
0,0,-31.12834868505877,1.2792068031261472,-11.419111031493381,-0.2165884728130506,0.380392897781643,0.8972822714903669,-0.05722938083609058
0,0,-30.538818738092605,1.5047463951373454,-11.091569089349376,-0.21659071467356092,0.37830419085829003,0.898067327947387,-0.05873223961072134
0,0,-30.05167382106785,1.7021653663301306,-10.603026149697472,-0.22265034051103122,0.3868290140567963,0.8932108208033305,-0.054447859039720305
0,0,-29.48698738905393,1.9667035750454,-10.255793255034868,-0.21002262282693737,0.3905958645914232,0.8945890302413535,-0.05509841591922133
0,0,-28.955743589222415,2.0480016977897577,-10.727067154436115,-0.19832735774529694,0.38927636659594944,0.8978684785275766,-0.05442761106460353
0,0,-28.301502257966114,2.229608166256658,-10.482834424903785,-0.18680423510291858,0.3982255482292255,0.8964983429984003,-0.05302180199002213
0,0,-27.728566375206352,2.2167520515167194,-10.91206723362693,-0.17420792088147233,0.39769789830876257,0.8992668348583531,-0.05298246603157596
0,0,-27.259119436523243,2.5253175073036207,-10.465382439321504,-0.18511082714264743,0.3992022158677232,0.8966334138328894,-0.04919444805303965
0,0,-26.57589929428758,2.670091896280428,-10.613402602788298,-0.17194342404425506,0.39955339857073,0.8990593297237942,-0.0498483927034643
0,0,-25.8601511098668,2.6981154134041168,-10.586632923512019,-0.16113553920415807,0.3916103601280089,0.9046781762719224,-0.047265856843022536
0,0,-25.21807155622979,2.7352487644234413,-10.92140928797638,-0.14024457407138755,0.38917828938263055,0.9092089026242282,-0.04702010108018958
0,0,-24.617685668623647,2.743334232626124,-11.318037900108378,-0.1287048707866389,0.3848914875614842,0.9127775488274872,-0.04615999777932026
0,0,-23.92194974421871,2.846362944943396,-11.18144933169267,-0.1261692351496123,0.3874374785461942,0.9117891268580285,-0.05112839194618748
0,0,-23.21185637085455,2.895562977434954,-11.270459129396373,-0.12282628682906867,0.3890531188390674,0.9115645561099341,-0.05100425501344816
0,0,-22.64027986844519,3.095167176211594,-10.880204519489256,-0.14701201544904552,0.3978265133429088,0.9042055978396241,-0.05033656156832744
0,0,-23.244282736506445,2.98126386465411,-11.25971522699924,-0.1126402375941038,0.39407472653153974,0.9103414055484572,-0.05740916414559235
0,0,-22.55553121484871,2.7963309196522217,-11.349998012059004,-0.09757552848974818,0.39710193744420524,0.9109761296724029,-0.053958861043336144
0,0,-22.025379433045778,2.940728086021263,-10.898344261342823,-0.09266366793770257,0.4022056127089197,0.9092105295099763,-0.05459214941694794
0,0,-21.37818947674744,3.075611045249378,-11.17966125469759,-0.09216660512576501,0.39985566513975757,0.9101655463368321,-0.05674012880324748
0,0,-20.67163428635437,3.0106764917063806,-11.273495047884232,-0.0818753852453231,0.4034616955141204,0.9094800044513062,-0.0579758833227509
0,0,-20.0634010310251,3.389130287810783,-11.380529694929747,-0.08684497423517691,0.39411807835449464,0.9132332502998386,-0.05598143720059636
0,0,-19.508161693740664,3.322504704140358,-11.83598350076226,-0.06135746241677818,0.39594517830312226,0.9144461373110112,-0.05701701098140459
0,0,-18.91110042647562,3.4301703481206633,-12.214468075985828,-0.05091519909451321,0.39573504087194405,0.9150915302946641,-0.058385881086242195
0,0,-18.285723466029207,3.7131400476142327,-11.998903126275687,-0.03973305575793893,0.40184588746357813,0.9130336990845163,-0.0575380860369104
0,0,-17.567825786477997,3.79106258678416,-11.93155572821792,-0.03245221413410337,0.4155429891553537,0.9071837446608421,-0.05734571810309821
0,0,-17.355182476975386,3.791532548467498,-12.624992899948776,-0.002499315289249487,0.4163404043742193,0.9076347162239662,-0.05341950031249567
0,0,-16.92681184781472,3.900015356085888,-13.188883241809725,0.006917967999298567,0.410033149365547,0.9104265226530657,-0.05430013802909215
0,0,-16.237691286070614,3.7666676266846153,-13.33584825899228,0.017909248961735034,0.41823371772356455,0.9061627487580162,-0.06024025999337115
0,0,-16.06843778254874,3.8689567921106938,-14.03311801345469,0.027630431205432817,0.4090635336945509,0.9100027319172866,-0.06163288550606529
0,0,-15.416580871800624,4.079684293836182,-14.217273155696812,0.028904076107826086,0.40831954445205726,0.9101250530056101,-0.06412559469005316
0,0,-14.720579200722034,3.9817387255849357,-14.310050577969108,0.04424538136720386,0.4135546469260931,0.9071724039341356,-0.06366419538379997
0,0,-14.013853615945278,4.029594311703371,-14.209098558956898,0.049639697542523245,0.4261031656563709,0.9008885610835826,-0.06611953685756067
0,0,-13.3379945401037,4.079408452037792,-14.426809566348584,0.06003011778806668,0.42606362618742777,0.9002019468205399,-0.06710161204382728
0,0,-13.837982347617286,3.6024621558605223,-14.641849789143816,0.09828506411411746,0.4245085190728451,0.8984882365644405,-0.053398990271218534
0,0,-13.779493929330215,3.326410835232328,-13.98672962845089,0.10044660456837019,0.4280896001795565,0.8966708347398868,-0.051295106741945096
0,0,-13.693993855285319,2.9686525715529997,-13.374217724514605,0.09546276944875476,0.44624810257260117,0.8883015916155115,-0.05166984548918645
0,0,-14.206319537423349,2.902886784548021,-13.881922722438691,0.09943559068961783,0.4100931319264031,0.9058880215422571,-0.03609818384982231
0,0,-14.438107812716915,2.8874191513088157,-13.191031985324825,0.10183348578973356,0.39250160822932334,0.9134397089448317,-0.0346457332450632
0,0,-15.119430477235927,2.6554279511886905,-13.105136520969179,0.11570735117092651,0.39953385468854813,0.9089906349641855,-0.02684275302804981
0,0,-14.471534608275334,2.640184366172999,-12.78792147461163,0.07933817014971842,0.43242699275214014,0.8978386277693621,-0.02445708858109958
0,0,-14.34259376993329,2.461007414168202,-13.461037820782087,0.089391897343012,0.4328751611915138,0.8965866633988906,-0.02757786300788725
0,0,-13.722632572988877,2.219395696791136,-13.186316418884607,0.08256665287494946,0.45150158446527056,0.8880012649829525,-0.02797892862591146
0,0,-13.269207087305436,1.8567891228824065,-13.614454369431432,0.10550485568130732,0.439737410468625,0.8914309021901348,-0.029166451318204046
0,0,-12.617487483792534,1.6244006024754243,-13.787246849847325,0.11895115644979182,0.4404095455239775,0.8894190959458778,-0.028700633397857476
0,0,-11.90644635224913,1.7891361687033502,-13.59863945629813,0.1215481885156546,0.44335055401197154,0.8875357077708679,-0.030768353181566968
0,0,-11.276070855103145,1.7428333445361255,-13.923285755434755,0.1313302947410058,0.4403108021221848,0.887778293079545,-0.026989878742374965
0,0,-10.73598827985052,1.5014922628011789,-14.325870120324243,0.14010479212336266,0.44037555483261137,0.8865130490314848,-0.023122106885823623
0,0,-10.158509103860826,1.2725954177308203,-14.691435307402664,0.1532826446805271,0.444110548433695,0.8825443535557905,-0.01963964400027418
0,0,-9.537756005161416,1.1306185641687687,-15.015446550126864,0.15443109561837617,0.4470300985499251,0.8809190102751377,-0.017228610867508598
0,0,-9.829412412874229,0.7458281999400505,-15.547677309863865,0.21843802247015118,0.4707796666000767,0.8547814324158927,0.00019660184360570216
0,0,-9.534823999217714,0.9985847358398362,-16.15198643018668,0.20797809655822178,0.48368832524063976,0.850166473774853,-0.002771686698823822
0,0,-9.951818963843676,1.5844583931625347,-16.223312795568983,0.21407314158263244,0.4916515488603948,0.844040222962982,-0.006895402578285901
0,0,-9.292537799141897,1.8005749456485063,-16.43708291856366,0.17474034441147768,0.5116511188998745,0.8398238302208949,-0.04873272777682502
0,0,-8.845183784010132,1.9066309277318454,-15.893858674362784,0.18032138523592897,0.50862538092783,0.8401234789414559,-0.05456152521622214
0,0,-9.283432141389635,2.473553615584687,-15.880680118331947,0.19116036922258098,0.4991465324893142,0.8427274527587699,-0.06419417971511046
0,0,-9.543277929524988,2.9520610538575927,-16.336287971057082,0.19547301450424415,0.49517962844409813,0.8437140679798159,-0.06880412536715413
0,0,-9.076089150139273,2.8626485843911347,-16.871728825716087,0.19494632700355946,0.5088287699019844,0.8353684688232432,-0.07244814561991654
0,0,-8.367675534157074,2.7707389704041825,-16.979883952852433,0.19421855325765455,0.5208249432495632,0.8281747006247826,-0.07174397051072963
0,0,-7.988776087747558,2.3093971538947753,-17.37581328171981,0.20921896103734838,0.5229920658049744,0.8233125928660663,-0.06973592958907868
0,0,-7.345579610133109,2.275186221394544,-17.688727233229862,0.21264472259015166,0.5271398956667495,0.8198272313488657,-0.06920305694013403
0,0,-6.696763888019023,2.167988956917385,-17.953285894176013,0.21436677201029405,0.5296047604266453,0.8177468416261315,-0.06968348299137296
0,0,-6.3211177560255365,1.974861926566586,-18.527024053234655,0.22031101054194502,0.5281458696352709,0.8171022549980527,-0.06977753147172422
0,0,-6.020580715843252,1.6020801651811503,-19.061400738242035,0.23580506848561975,0.5254383352671954,0.8149388933830336,-0.06469254640039446
0,0,-6.263668539012103,1.6315585136370274,-18.376656969499614,0.23905688024796634,0.532887973494147,0.8097706877226752,-0.05615735941580954
0,0,-6.181466033769921,1.7893875588289057,-17.67987062661144,0.22676105629279728,0.5421575636071674,0.8077945510830462,-0.04596262408800212
0,0,-6.118089753795752,2.1705383448264803,-17.0859792579263,0.22417865581249113,0.542230656649357,0.8084440998755862,-0.046346333663679296
0,0,-6.561000415290056,2.6975774066662233,-16.91627758674224,0.2239073154686197,0.5407662353094833,0.8094511132642205,-0.04718355713761325
0,0,-5.926397911577342,2.402317284038335,-16.693818878896742,0.19237978874865955,0.5726527394493756,0.7946051271305549,-0.06051073309737288
0,0,-5.313511001734411,2.6262218787629505,-16.36532077399054,0.19843910905152642,0.5853085121033631,0.784059325409294,-0.05733096804438965
0,0,-4.651128263320876,2.529640043968401,-16.598210689459027,0.2042631698219861,0.5848237067936377,0.7827510940659815,-0.059653282935079655
0,0,-3.9986623313248897,2.834900518938791,-16.48281739895421,0.1856602224458233,0.5882154880436825,0.7856982091958523,-0.0470228188577675
0,0,-3.4109920111203955,2.703165847904314,-16.871968977840464,0.17614440202715842,0.5818409686302504,0.7928136547571011,-0.04336756493734574
0,0,-2.7060129090635314,2.7138193646426383,-16.75547770410651,0.16509111391100673,0.5874539749242713,0.7912436515980403,-0.0397018294174926
0,0,-3.2233364897320405,2.9149074452965267,-16.296773413788557,0.16385414773167792,0.5895310138337729,0.7901135711363165,-0.03640805824904745
0,0,-2.9929820821790543,3.359637819831269,-15.794006097607458,0.1590419884109467,0.589201717854645,0.7912856632920489,-0.03760293429893242
0,0,-3.460278283316426,3.603923757150267,-15.304184921096258,0.16315923347567565,0.5932118206842808,0.7874019144158128,-0.038432089539654726
0,0,-4.031416750827136,3.776041810678426,-14.9097527493954,0.16598803411773255,0.5977985678722224,0.7832326839311401,-0.04039068706611886
0,0,-4.294917523942,3.898752187881244,-14.259602698317671,0.16113609321749914,0.5980771041272618,0.7840275030107958,-0.04049458610736557
0,0,-4.782539345267515,4.30229341950005,-13.930620798088173,0.1608197666784062,0.5931703338658162,0.7878664004088264,-0.039401684911408594
0,0,-5.411809528985152,4.433566105157731,-13.63046162729038,0.16247538274776796,0.5894225339520494,0.7903821517206251,-0.03845621811861151
0,0,-5.168562994528138,4.835823829491748,-13.099395487451567,0.15444604050008473,0.5886215748783513,0.7926542508533236,-0.037017573741832406
0,0,-5.307114200469592,5.2336456644711555,-12.519465034633546,0.14867816063425338,0.5883663540254447,0.7935481690006381,-0.044734119829893
0,0,-5.442924249104181,5.581442982843977,-11.914406386200556,0.14015749316147363,0.590783876314062,0.7932660047987874,-0.04537988793058611
0,0,-6.053654173448624,5.7459925641579295,-11.58967082211579,0.1423562626160625,0.5919433068280109,0.791935032274241,-0.04665533894746685
0,0,-6.393852444858683,6.158150689545546,-11.124606397642754,0.1402673849048925,0.5917873027170604,0.7924180601489156,-0.04675967305957811
0,0,-6.293485345690517,6.108025723153616,-10.412727241772469,0.12704637921791262,0.597575959875412,0.7899792919194618,-0.05191250374451527
0,0,-6.836977185992544,5.750240981842618,-10.099905712639762,0.1366022985968433,0.6132428881233392,0.7764688353444938,-0.04867360601979117
0,0,-6.657891161635077,6.176892250898648,-9.563026923152734,0.12788427427263113,0.6146567459506357,0.7767850384783744,-0.049474246303392505
0,0,-6.992039352639294,6.558526180449229,-9.053005372120598,0.12834518756085816,0.6180849846570584,0.7736028235452329,-0.05511021660541076
0,0,-7.706146455927825,6.551273610492092,-8.944743796154386,0.1644839435666547,0.6273708992073092,0.7588694855197192,-0.05888880270145323
0,0,-7.065043986179548,6.397656926405066,-9.239738951203488,0.16989286095982012,0.6305099516899167,0.7537729460782121,-0.07362039374683249
0,0,-6.405518286756782,6.307899485283526,-9.489860016230727,0.17314294789616066,0.632996520158036,0.7508428487284228,-0.07464543907722403
0,0,-6.06349006216319,5.979815086814556,-10.034566055545845,0.18718579701018487,0.6290058690465221,0.7518083393938677,-0.06401027199228507
0,0,-5.840430550299789,5.583008454857063,-10.594419634696033,0.2105486774609189,0.6283876612579484,0.7462837656537558,-0.06211877912414244
0,0,-5.193714671811334,5.510427714871724,-10.88995797839111,0.21568620771048286,0.6307108648927583,0.7428869547460736,-0.06166228326784954
0,0,-4.598954224875512,5.238542796310536,-11.188540251075832,0.21869651678146923,0.6274203307976783,0.7445509211791317,-0.06449409136262634
0,0,-4.341912778951112,4.861336195962187,-11.746731162811926,0.23890821042672256,0.6233193370458133,0.7422447126725117,-0.058895310213710014
0,0,-3.6238643258008714,4.923199787018552,-11.693528673374123,0.24107434909385322,0.6342048636984332,0.7324526664885617,-0.0563953936418813
0,0,-3.246992831613614,4.606155483377252,-12.210264341879467,0.24746153382295058,0.632866405090064,0.7316376263494574,-0.05430733188164904
0,0,-2.6561783002771353,4.253320994576198,-12.425931724544943,0.2470432746804684,0.6328319678594245,0.7317336282405699,-0.05531019971226248
0,0,-2.0931575044037465,4.041860596376796,-12.81801967998802,0.24795947992083914,0.6308886148900559,0.7326959904956792,-0.06043374414223852
0,0,-1.7492069396811853,3.6826411430730515,-13.333679692625855,0.2552263003848639,0.6310611389564574,0.7300557700400119,-0.06033197429323179
0,0,-1.432324489817269,3.3358618088764964,-13.886918035572977,0.2618906545398391,0.6225186162423518,0.7353703080484489,-0.05580651876914957
0,0,-0.8771784281161112,3.4097688527263643,-14.32279148723781,0.262430637164793,0.6209019692103936,0.7366781299942444,-0.05400220454869652
0,0,-0.23381533171546887,3.309727743886155,-14.618676701123508,0.2638976339307592,0.6161070832306458,0.7402181435138138,-0.05335916801952765
0,0,-0.057993009928174216,2.876079644699448,-15.161834014004686,0.2750462992354137,0.6122954322967294,0.7397022637598135,-0.0477953748188227
0,0,-0.29088422014502446,2.5152290843960623,-15.732806979848915,0.30328285641172953,0.6027007888630831,0.7368830510364923,-0.04212644306976225
0,0,0.32103029261751503,2.732658758818202,-16.025315910632855,0.3036066333397451,0.5976825272825557,0.7408500344507216,-0.04171133212458294
0,0,-0.2613272218153265,2.677367294820673,-16.446455930696942,0.3464420917091543,0.5745450195292205,0.7409115067548838,-0.030430852511247383
0,0,0.20592384396590546,2.527607086862113,-16.965345520583533,0.3503669325742998,0.5736472910673046,0.7396576062595203,-0.03283935919069791
0,0,0.4288720112480858,2.134523675000405,-17.520379035195322,0.3557255442825971,0.5688567056812552,0.7409643837855932,-0.02886464112986669
0,0,1.1370405365687828,2.1157436738277444,-17.649613142709335,0.35309865160285764,0.5656657290573771,0.7444979990575226,-0.03265508544736715
0,0,1.1032059764423074,1.716784759934071,-18.244208520631304,0.3646437228417019,0.5646449679594407,0.739653537342256,-0.033521041859020904
0,0,0.5584805964806483,1.6783775740345492,-17.756391574015268,0.39328482655245195,0.5812051069922677,0.7120761284543952,-0.021800369150873355
0,0,-0.068708012229581,1.8833420639812783,-17.47085537369402,0.4565289499661339,0.5664175326143577,0.6861114866203237,-0.0018773698441190982
0,0,-0.7816690306678324,1.8880764842948405,-17.346588864949265,0.5263302191550674,0.5353264099626253,0.6604865537562286,0.012635169485472927
0,0,-0.44813291680879347,1.4410923819930452,-17.793646715583428,0.5332764130899275,0.5380413013299791,0.6527174408333342,0.009368443684350605
0,0,-0.59081885702801,0.9498108568840343,-18.30550962729675,0.5468830022923488,0.5311428686341514,0.6469047349555888,0.01790248013072066
0,0,-0.059471679817030165,0.580263061071989,-18.62610223764407,0.524425478185826,0.5351816157004117,0.6619020000463767,0.021078386571819145
0,0,0.4342732884928051,0.3354350680598145,-19.071378367441017,0.5251229228726315,0.5346194224972503,0.6617076681032846,0.02389457963062599
0,0,1.0150209781922275,0.030954211910413365,-19.37164523644836,0.5357977096245021,0.5357548429833484,0.6523878776393499,0.016661923365867498
0,0,1.0912442950529035,-0.6851541545600139,-19.369592887446217,0.5523706180047326,0.5344926067545149,0.6394577198714697,0.01726783676707022
0,0,1.3548654615474902,-1.0960589532064202,-19.884918243386867,0.5562461968555791,0.5339088995001011,0.6366073784884541,0.01620188792558728
0,0,1.6062600078312073,-1.58482125404932,-20.337954970307,0.5673932420539609,0.5289144918005406,0.6308874876549582,0.017185667146963512
0,0,2.260774297062314,-1.7222611877716272,-20.59013822333727,0.5743263599854319,0.5314235122661921,0.6223416146294765,0.020717083214701816
0,0,2.434502456297098,-2.409060120948306,-20.647972189374247,0.5847070115458781,0.5337560876792109,0.6105867503906934,0.020148691317403045
0,0,2.5998642887078867,-2.9263449655073064,-21.1156176433496,0.5902331703292979,0.5274408083351123,0.6105435663965867,0.025837025323480076
0,0,2.8523314964553803,-3.396654724849206,-21.581081147245136,0.5947675232225892,0.5262515800583102,0.60713828176507,0.026343398056389043
0,0,3.3179622477652186,-3.6005829838047974,-22.08925155695909,0.6008656465081408,0.5276706014021805,0.5995976097493241,0.031731965667329776
0,0,3.7059707551159753,-4.021150613999128,-22.518861028996277,0.6017679080615684,0.5311129699084645,0.5955855532533162,0.032745179464394925
0,0,4.0354583740034995,-4.180952940556122,-23.133774963427054,0.6091887810341569,0.5291737030912224,0.5887913878654157,0.04678592303629991
0,0,3.89462355173542,-4.680492513199328,-23.63563646921082,0.6000288104869875,0.5277545562057213,0.5987600090880154,0.05410181611177848
0,0,3.728397394174487,-5.235096746592062,-24.064883073305293,0.6093867509116958,0.519679780796411,0.5955688749524,0.06227702973499716
0,0,3.9241532410906497,-5.7558675803900154,-24.50616771205391,0.615932120504697,0.5192958587643067,0.5890122487795381,0.06343504385195967
0,0,3.8378595082778255,-6.348420632067411,-24.900836695743376,0.615145989073793,0.5171892568061389,0.5915208742279938,0.06491332777857413
0,0,3.8921491466155733,-6.908986064329217,-25.335588814400307,0.6208044401048395,0.5167812667740476,0.5863640125653735,0.06096075972100275
0,0,3.736416803752775,-7.447025229717115,-25.786130768646103,0.631879182975676,0.5083717588756875,0.5811849702470521,0.06716310935748346
0,0,3.799968270849095,-7.967282216803699,-26.26772004387295,0.6344949402992675,0.5059899805118101,0.5803071585108726,0.06807284434577515
0,0,3.902331590202434,-8.265574641147225,-26.912467063406982,0.6411730796681757,0.5010896642497739,0.576324040703825,0.07521190329789545
0,0,4.106552648082977,-8.803491308601659,-27.352388144001694,0.6337876642261542,0.5131045620887099,0.5750692140243281,0.06582024095937752
0,0,4.121508384681666,-9.376018514254346,-27.793221912011507,0.6244982487512825,0.5214077573343985,0.5780070773859961,0.06359014381013521
0,0,3.9067379307159777,-9.864725157806415,-28.27397288745261,0.6352945658062498,0.5152576966831373,0.5709074118551538,0.07053401842151281
0,0,4.026855082062856,-10.363846710351163,-28.763887160853148,0.6386480241251185,0.5124602628549874,0.5693878889016867,0.07287394766142345
0,0,4.032579187450333,-10.895565021044348,-29.24355173608918,0.6458945491767986,0.5079199711006747,0.565153656146488,0.07374875758307484
0,0,4.322479007773817,-11.15978547440957,-29.836194489059586,0.6489894456096431,0.5059957169374525,0.5631713245591504,0.07496061047332625
0,0,3.8177952175778245,-11.289306696291376,-30.34404034950218,0.6599130633706405,0.4951170597111597,0.5580254384177705,0.08933899514997716
0,0,4.142971152795916,-11.725381288854978,-30.80456699711096,0.6661604363175566,0.48966162723813966,0.5548393750375943,0.09281719562447197
0,0,4.340044358215903,-12.12701727593633,-31.362819720357063,0.6793821995637578,0.4820183971799221,0.5443247639670393,0.09903859363014109
0,0,4.417902848120698,-12.562052895022498,-31.926426747873077,0.685926532920276,0.47896016333235525,0.5381910090387049,0.1022369364100554
0,0,4.187367891844376,-13.143844280353724,-32.27223469066934,0.6910411807509949,0.47604805454328536,0.5335944128815141,0.10543879178678199
0,0,4.581496538277856,-13.41710426846814,-32.809442748929534,0.6951095331909091,0.47605887559711635,0.5264722913056428,0.1140947427347639
0,0,4.527419955863099,-14.125012416950808,-32.89917495472132,0.698464732507515,0.47508621040671983,0.5222196011182765,0.11716141998309779
0,0,4.434776801230032,-14.799789382818403,-33.15335100951977,0.7055370985274371,0.46637656353303253,0.518508218595694,0.12593462922216778
0,0,4.695561205931261,-15.344171450407059,-33.53415053034259,0.70916003815532,0.46617542834187664,0.5141015426310491,0.12438695332786533
0,0,4.578974833655683,-16.047165204154496,-33.619397452576266,0.7215803292724333,0.4596618102587462,0.5011269602296724,0.13001776158551395
0,0,4.177958862523056,-16.62557707240196,-33.72571224424338,0.727385505905999,0.45632702672000425,0.4945207904459441,0.13462970808656252
0,0,3.8328779990576494,-17.239568085282,-33.89245072338182,0.7388811507298036,0.4491156697771606,0.4823536802841169,0.14030212889753887
0,0,4.304165009942837,-17.718136436046073,-34.150064299828024,0.7329320053138453,0.45236971887851257,0.4910074021618066,0.1307059449708203
0,0,4.497839942459619,-18.29986136636466,-34.51034161994306,0.7355320721280865,0.4531540290370272,0.4880952335135652,0.1241250976225632
0,0,4.058960066518619,-18.614875737420938,-34.98376824339187,0.7460894618280917,0.4388507038039597,0.4819091078291453,0.13610358742941028
0,0,4.012458325023943,-19.157575195531212,-35.4379781492312,0.7500961935744953,0.4356807264958563,0.478435897677128,0.13651775254147966
0,0,3.6506118132897707,-19.653358545074866,-35.809541204567594,0.7605586020015019,0.4236900719241299,0.4705700574997557,0.14353103099721407
0,0,3.6490687139204776,-20.193548619334585,-36.27030649937149,0.7649504288792526,0.420887270701473,0.46555451650970187,0.14478860064359464
0,0,3.7853319664233793,-20.894663160927937,-36.203781666040015,0.7759287885007479,0.4199928847662849,0.44810723625557575,0.14401526563821365
0,0,3.9337509597451095,-21.471997516721295,-36.585070471622,0.7861131698276067,0.4116491017830731,0.4383033908157143,0.14304278669065681
0,0,3.3576551107502435,-21.836925887812406,-36.796455572623515,0.792116169401393,0.4063519278496402,0.4310207383062925,0.14714349477854327
0,0,2.8263517386636754,-22.191732348473217,-37.13177144404916,0.8030581033609621,0.3943341774483938,0.4188278919386682,0.15550381364006632
0,0,2.5398770926525844,-22.83863320892356,-37.20748361139167,0.8082279990493454,0.3902713140897504,0.41241699941027904,0.1561025994299021
0,0,2.3828490503179456,-23.513096082287383,-37.000749160400865,0.8189808490215171,0.3867448771421077,0.3937885137641849,0.15693748872632518
0,0,1.9466734587526724,-23.917188080774185,-37.39531116660512,0.8217116411597045,0.38249498993513187,0.392251407994985,0.15692799107584432
0,0,1.5804637895021105,-23.894334982891838,-38.0143884685635,0.8267036413640275,0.3729159829338195,0.38364845557397687,0.17409371488845518
0,0,1.4636703194935423,-24.47379415405648,-38.40971020492764,0.8276843204173226,0.3729659383368265,0.3809175719352805,0.17531935993145661
0,0,0.8946008757821561,-24.868224744533205,-38.61645751862948,0.8367598595995835,0.35952648239475166,0.3686047870194162,0.18629051722004678
0,0,0.36388279348798613,-25.31139390707699,-38.79587945442148,0.8412416319489083,0.35355750776818223,0.3636527131281383,0.18726000537016205
0,0,-0.04543757112020502,-25.75616587342013,-39.18036429207178,0.8441804931919336,0.3511053382489867,0.3608808523850825,0.18398191962555663
0,0,-0.19329508713659976,-26.222287020259568,-38.65197310387065,0.8554681693809585,0.36293194852566163,0.33021480361999245,0.16556809893686653
0,0,-0.3451982126720554,-26.777832154199626,-39.06408110172372,0.8586413715867093,0.3592085935758399,0.3252279188612175,0.16712564762526158
0,0,-1.0291963332605563,-26.95116561696084,-39.24064928588379,0.8722194412018338,0.3424418629460407,0.2994996782311222,0.17962950657133162
0,0,-0.7271441810763297,-26.424304437504997,-38.864654817312164,0.8909758002415862,0.3110761323146419,0.27475560264484605,0.18412800466875273
0,0,-0.583108380650634,-26.272894866913088,-39.54341546314154,0.8933719301304012,0.30450752512143336,0.26479873382149965,0.19759400842644936
0,0,-0.9868706296667491,-26.717922595435454,-39.92736166963058,0.9000031952802451,0.29145565445016336,0.2555932159639309,0.19929866514252312
0,0,-0.36757526966882137,-26.39150230430633,-39.79640410599587,0.9082524234478665,0.27561819335436927,0.2372532212250753,0.20693732338917573
0,0,-0.08303993463716308,-26.213449507408185,-39.16303368653185,0.926179990283712,0.25809274131300747,0.18002014359701415,0.20777755022838917
0,0,-0.7830368242345028,-26.07321090626039,-39.18750367755897,0.9278888628552958,0.2541311362458816,0.17140449186987192,0.21227370055264544
0,0,-1.4915442100556786,-25.92654881936632,-39.1784707799909,0.9309870059509298,0.24355155997860783,0.15153338327806887,0.22579518625252387
0,0,-1.1122813619839105,-25.40073701731717,-38.858345104150445,0.9518089300858511,0.19028406069076992,0.08171393373364272,0.22621796986453696
0,0,-1.8164015596726313,-25.516469256154938,-38.87554241212274,0.9542761302191864,0.1773050308393711,0.06462106328479543,0.23182776260164945
0,0,-2.4611287130155395,-25.812783042677733,-38.9879541417292,0.9548355832535791,0.1710626969661731,0.0636664359035129,0.23446353149008173
0,0,-3.0604050130804192,-26.17225293213482,-39.115175028213535,0.9561922024791182,0.16890316796908794,0.059929991512132234,0.23146617006702058
0,0,-3.7362452398455517,-26.409295180007998,-38.98732228021539,0.9596992363373308,0.16549160890899645,0.06627940242558336,0.21724857644726597
0,0,-4.435910850031338,-26.41582442324199,-39.14685739583898,0.960549576274713,0.15116896505578747,0.04571825806194975,0.2289154787300599
0,0,-5.136399545662322,-26.304395879591116,-39.07217036737148,0.9603610548460089,0.1461798265079634,0.04056685575157883,0.23386413335865203
0,0,-5.683040616987989,-26.422899832782495,-38.62566341265231,0.962543446885551,0.13949937069453167,0.02808852991908873,0.2307836062646055
0,0,-6.376706551602818,-26.31660047761694,-38.77327427018814,0.9619120303990429,0.1289572251849012,0.01543350011623351,0.24053500144545226
0,0,-6.747215173419668,-26.818219761345176,-39.114750828887786,0.9619726071028231,0.12661979954410807,0.005256599491324538,0.24196796835324158
0,0,-7.3003446546260955,-27.233365840501186,-38.95497482726083,0.9639922962757748,0.1230205082372916,-0.0010121073235421889,0.2357621320584865
0,0,-7.991856809812036,-27.380919344544406,-38.87132680995059,0.9653754169061584,0.1063662456773686,-0.020769678645761146,0.2372870554048714
0,0,-8.152319763604297,-28.079206038693023,-38.92022385562241,0.9664790347806613,0.10858015405481664,-0.026190145698671022,0.2311767759597747
0,0,-8.534334236667952,-27.582778594075755,-38.56615845857112,0.9659035819187435,0.09315190818545058,-0.05059749732625107,0.23620517712842498
0,0,-9.024061335489403,-28.090655896347275,-38.46354910597879,0.9671989416046961,0.08716630236704011,-0.057581499034166,0.2315439786722852
0,0,-9.698581409613476,-27.89332467306222,-38.330658304336424,0.9675190723453483,0.08121190712600397,-0.059829077014622666,0.23180153651892046
0,0,-10.176278448528077,-27.555457215810193,-37.90948509283319,0.9661830015920189,0.06787612968505322,-0.07994498576178703,0.2355674801519985
0,0,-9.473626009549257,-27.467806994522284,-38.01055787263063,0.9628516896137524,0.02166184113666524,-0.12246952166545529,0.2396843856189775
0,0,-9.750649836701431,-26.91731970567186,-37.621958334526994,0.9560732307086305,0.0050137571147789205,-0.1552295712926905,0.248601327346101
0,0,-10.40898473701393,-26.739393561271807,-37.41681585662418,0.9544953847389351,0.005235391004002495,-0.16009904694893212,0.2515540624978083
0,0,-11.106260922611245,-26.89507681191527,-37.3395188433366,0.9543401304192645,0.00020285311283341987,-0.17232683338901345,0.24400478851053514
0,0,-11.748299554360516,-26.808544279004938,-37.02928231713475,0.9562250878582715,-0.004398914742532935,-0.1711922793945519,0.23729187591493023
0,0,-11.420282582048042,-26.166270873442457,-37.00412177551811,0.9496903976276918,-0.021104561830144385,-0.18247897078092737,0.2536615291021631
0,0,-11.91899895461406,-25.90881248192366,-36.546830508325186,0.9445238104616166,-0.039227874875641326,-0.1993508936732015,0.2580603931166215
0,0,-12.32113066672529,-25.43579918213434,-36.1964530643637,0.9418978099372806,-0.044424623943670215,-0.20732102325013216,0.26052439759326984
0,0,-12.931840921802753,-25.22649470368696,-35.90282164749962,0.9388829041378867,-0.057937172124640834,-0.21705451052242883,0.26082468415714904
0,0,-13.119467401855317,-24.5676716718334,-35.6797041948626,0.935330709334895,-0.0623661427157752,-0.2256109166208323,0.26526711578962386
0,0,-12.576654394098425,-24.56658125897395,-36.13693544692702,0.9294192599877147,-0.0582614638582109,-0.2421251742575252,0.2723248813159574
0,0,-12.728560599879607,-25.14067088398894,-36.53149050556621,0.930515360970539,-0.054598602945985786,-0.23547773500280428,0.2751552141467853
0,0,-12.41157089434955,-25.717847819380793,-36.79857431814528,0.9313883114070659,-0.055112304458722214,-0.23501712374404618,0.2724800888480099
0,0,-12.182481033146804,-26.199222925750913,-37.27148798184554,0.9318271243160258,-0.055611481160526034,-0.2300050750503867,0.2751422159595366
0,0,-12.756987253195101,-26.633081188037007,-37.28285062796333,0.9351793160257491,-0.043976781906567036,-0.22675897822538113,0.26848846404442683
0,0,-12.205799552145038,-27.07017821567241,-37.38479208708123,0.9349184412376695,-0.051244794739735956,-0.2307232648896046,0.26470408815220425
0,0,-11.9896599883731,-27.482258677277315,-37.92127870478238,0.9338122927468594,-0.05118106444105618,-0.22803463554578496,0.27087876540813466
0,0,-11.645394815646462,-28.046452893102373,-38.18397999147981,0.9334771370052243,-0.05026288677868966,-0.22891974810109064,0.27145870004576306
0,0,-11.168571990471953,-28.18140690902484,-38.70426247943777,0.9259267527407854,-0.05575054602041815,-0.23465844576424397,0.2906663706190299
0,0,-11.372706404191147,-28.646596455525273,-39.201103594686224,0.9263999891929724,-0.046371069448973345,-0.21907180813922444,0.30272153345943176
0,0,-10.859543536143862,-29.026727944839926,-39.515096617555706,0.9256336095461261,-0.048656427534890544,-0.22044195601563166,0.3037109101862395
0,0,-10.669904267927947,-29.62933410890299,-39.8440333511423,0.9269155054596226,-0.045430087999543144,-0.2165206177197257,0.3031213864859335
0,0,-10.449966244780466,-30.17952464329072,-40.23605364000889,0.9271521553832627,-0.04503648659232022,-0.21449819626030567,0.30389326982456455
0,0,-10.024393337153713,-30.687047266193808,-40.491627829242866,0.9260708311615066,-0.05366699408952941,-0.21914794692999934,0.3024679268510912
0,0,-10.730236847025996,-30.77630945859539,-40.492965519914115,0.9243548380628263,-0.06294219236588922,-0.22072728103728037,0.3047718510228778
0,0,-11.396653654041899,-30.73766712413627,-40.7512461595809,0.9183912325468926,-0.07161618281050357,-0.22624831673552304,0.3166075891620323
0,0,-12.092996092242844,-30.719044382974776,-40.59136815532689,0.91632404611783,-0.07255017918108778,-0.22566344774992908,0.32274250162731266
0,0,-12.59447689632908,-30.255821343893594,-40.369277606108135,0.9105199532942279,-0.0840258770703927,-0.24423891367719594,0.3228628496458081
0,0,-12.951611535352537,-29.667753556567302,-40.127349697238245,0.9009649075791083,-0.08967504034787552,-0.2636309989628114,0.3327451259379254
0,0,-13.605134386837168,-29.373249230190925,-40.1723421096135,0.8974367914155478,-0.07219926734841722,-0.25893523042774574,0.34978138551307797
0,0,-12.938949038712085,-29.19290900934194,-40.351144316897766,0.8893103540924834,-0.10045457379431615,-0.28221402245879823,0.3455303434364761
0,0,-12.281793099266702,-29.24544883736115,-40.622405569946004,0.8786409591951599,-0.13009232857649958,-0.30753003958468694,0.34130825601381864
0,0,-11.570784789538244,-29.232818637295875,-40.68421826504633,0.8720821729675637,-0.14517304871712422,-0.32564003952333803,0.3351955163446948
0,0,-11.752555101209452,-28.76641938197461,-40.166774177721024,0.8714410265794708,-0.1637321486672776,-0.3311516303166533,0.3226777315302951
0,0,-11.761574810198267,-28.061198988932443,-40.082544306851936,0.8653932528074586,-0.1704585089665053,-0.34049129079179774,0.3257362362574627
0,0,-12.289702142939715,-27.567133904482827,-40.02466537694865,0.8573830797467346,-0.15498198185258022,-0.3538061533808969,0.3401412143431966
0,0,-11.780196077149915,-27.85626386809245,-40.45630204243374,0.8313554121866716,-0.20995083582894578,-0.3896848423490064,0.336027601256335
0,0,-11.627900110461539,-27.1837257127491,-40.283880836038854,0.8254506928895622,-0.2184999727581256,-0.3980939522670274,0.335276185675717
0,0,-11.297729684155959,-26.552987753088725,-40.17032666854467,0.8102221409975328,-0.23490247082671803,-0.4190995615210982,0.3357327344327632
0,0,-10.639183285058616,-26.640320394275424,-40.46008239998986,0.7955746178282761,-0.26106476470730416,-0.43952721403185274,0.3251492645249413
0,0,-10.508987143220207,-26.64980440991647,-41.164798743268285,0.7624929269687403,-0.29237443478559283,-0.4612761253441358,0.3469092999530994
0,0,-10.10921745655222,-26.05768407182435,-41.07755655123431,0.745409190542652,-0.3065504403432318,-0.4801240640393037,0.34622658666009676
